<?xml version="1.0" encoding="UTF-8"?>
<project-private xmlns="http://www.netbeans.org/ns/project-private/1">
    <editor-bookmarks xmlns="http://www.netbeans.org/ns/editor-bookmarks/2" lastBookmarkId="0"/>
    <open-files xmlns="http://www.netbeans.org/ns/projectui-open-files/2">
        <group>
            <file>file:/C:/Users/Hp/Documents/NetBeansProjects/JavaInternship/src/javainternship/Computer_Shop.java</file>
            <file>file:/C:/Users/Hp/Documents/NetBeansProjects/JavaInternship/src/javainternship/JavaInternship.java</file>
            <file>file:/C:/Users/Hp/Documents/NetBeansProjects/JavaInternship/src/javainternship/Add_Item.java</file>
            <file>file:/C:/Users/Hp/Documents/NetBeansProjects/JavaInternship/src/javainternship/InventoryItems.java</file>
            <file>file:/C:/Users/Hp/Documents/NetBeansProjects/JavaInternship/src/javainternship/Show_items.java</file>
        </group>
    </open-files>
</project-private>
