<?xml version="1.0" encoding="UTF-8"?>
<project-private xmlns="http://www.netbeans.org/ns/project-private/1">
    <editor-bookmarks xmlns="http://www.netbeans.org/ns/editor-bookmarks/2" lastBookmarkId="0"/>
    <open-files xmlns="http://www.netbeans.org/ns/projectui-open-files/2">
        <group>
            <file>file:/C:/Users/Hp/Documents/NetBeansProjects/SchedulingManager/src/schedulingmanager/SearchFrame.java</file>
            <file>file:/C:/Users/Hp/Documents/NetBeansProjects/SchedulingManager/src/schedulingmanager/SchedulingManager.java</file>
            <file>file:/C:/Users/Hp/Documents/NetBeansProjects/SchedulingManager/src/schedulingmanager/ShowNotesFrame.java</file>
            <file>file:/C:/Users/Hp/Documents/NetBeansProjects/SchedulingManager/src/schedulingmanager/SplashScreenFrame.java</file>
            <file>file:/C:/Users/Hp/Documents/NetBeansProjects/SchedulingManager/src/schedulingmanager/Schedule_MainFrame.java</file>
            <file>file:/C:/Users/Hp/Documents/NetBeansProjects/SchedulingManager/src/schedulingmanager/AddNoteFrame.java</file>
            <file>file:/C:/Users/Hp/Documents/NetBeansProjects/SchedulingManager/src/schedulingmanager/BackgroundFrame.java</file>
        </group>
    </open-files>
</project-private>
