<?xml version="1.0" encoding="UTF-8"?>
<project-private xmlns="http://www.netbeans.org/ns/project-private/1">
    <editor-bookmarks xmlns="http://www.netbeans.org/ns/editor-bookmarks/2" lastBookmarkId="0"/>
    <open-files xmlns="http://www.netbeans.org/ns/projectui-open-files/2">
        <group>
            <file>file:/C:/Users/Hp/Documents/NetBeansProjects/ShoppingApp/src/shoppingapp/AddingProducts_Cart.java</file>
            <file>file:/C:/Users/Hp/Documents/NetBeansProjects/ShoppingApp/src/shoppingapp/AddingProducts.java</file>
            <file>file:/C:/Users/Hp/Documents/NetBeansProjects/ShoppingApp/src/shoppingapp/UserCartFrame.java</file>
            <file>file:/C:/Users/Hp/Documents/NetBeansProjects/ShoppingApp/src/shoppingapp/SubCategory_Panels.java</file>
            <file>file:/C:/Users/Hp/Documents/NetBeansProjects/ShoppingApp/src/shoppingapp/CustomerInfo.java</file>
            <file>file:/C:/Users/Hp/Documents/NetBeansProjects/ShoppingApp/src/shoppingapp/Shoping_Login.java</file>
            <file>file:/C:/Users/Hp/Documents/NetBeansProjects/ShoppingApp/src/shoppingapp/ShopingApp_MainFrame.java</file>
            <file>file:/C:/Users/Hp/Documents/NetBeansProjects/ShoppingApp/src/shoppingapp/Add_Products.java</file>
            <file>file:/C:/Users/Hp/Documents/NetBeansProjects/ShoppingApp/src/shoppingapp/ShoppingApp.java</file>
            <file>file:/C:/Users/Hp/Documents/NetBeansProjects/ShoppingApp/src/shoppingapp/Shoping_RegForm.java</file>
        </group>
    </open-files>
</project-private>
