<?xml version="1.0" encoding="UTF-8"?>
<project-private xmlns="http://www.netbeans.org/ns/project-private/1">
    <editor-bookmarks xmlns="http://www.netbeans.org/ns/editor-bookmarks/2" lastBookmarkId="0"/>
    <open-files xmlns="http://www.netbeans.org/ns/projectui-open-files/2">
        <group>
            <file>file:/C:/Users/Hp/Documents/NetBeansProjects/MultiCalculators/src/multicalculators/MainFrame.java</file>
            <file>file:/C:/Users/Hp/Documents/NetBeansProjects/MultiCalculators/src/multicalculators/TimeCalculator.java</file>
            <file>file:/C:/Users/Hp/Documents/NetBeansProjects/MultiCalculators/src/multicalculators/GPA_calculator.java</file>
            <file>file:/C:/Users/Hp/Documents/NetBeansProjects/MultiCalculators/src/multicalculators/CalculatorSplashScreen.java</file>
            <file>file:/C:/Users/Hp/Documents/NetBeansProjects/MultiCalculators/src/multicalculators/CGPA_cal.java</file>
            <file>file:/C:/Users/Hp/Documents/NetBeansProjects/MultiCalculators/src/multicalculators/Age_cal.java</file>
            <file>file:/C:/Users/Hp/Documents/NetBeansProjects/MultiCalculators/src/multicalculators/MultiCalculators.java</file>
        </group>
    </open-files>
</project-private>
